Tweet,Target,Stance
Climate change? Just a liberal agenda to control the economy! #ClimateHoax,Climate Change is a Real Concern,AGAINST
We MUST act now or regret it forever. The planet's literally burning! 🌍🔥 #ClimateActionNow,Climate Change is a Real Concern,FAVOR
Can't believe some people still question climate science. Look at the data! 📊 bit.ly/ClimateData2023,Climate Change is a Real Concern,FAVOR
"Finding my way through #atheism has been so freeing. Goodbye, chains!",Atheism,FAVOR
#Atheism? How can anyone ignore the miracles around us every day? God is everywhere. 🙏,Atheism,AGAINST
"Loving the latest @FeministDaily article on gender equality. We've come far, but there's more road ahead! #feminism",The Feminist Movement,FAVOR
Health and wellbeing seminars at the community center next week. Always good to learn more about our bodies and health choices. #CommunityLearning,Legalization of Abortion,NONE
"It's 2023, and still people don't get it. #FeminismIsAboutEquality NOT man-hating. Ugh! 🙄",The Feminist Movement,FAVOR
Reading stories from both sides of an argument always gives me a broader perspective. Always strive for understanding. #BothSidesOfTheStory,Legalization of Abortion,NONE
"Why's the #FeministAgenda always bashing men? Men have struggles too, you know!",The Feminist Movement,AGAINST
It's her body. It should be her choice. Period. #ProChoice #WomensRights,Legalization of Abortion,FAVOR
Planting some new trees in the backyard. Can't wait to see them grow! #NatureLover,Climate Change is a Real Concern,NONE
Life begins at conception. Abortion is heart-wrenching. 😢 #ProLifeForLife,Legalization of Abortion,AGAINST
"Still in awe of @HillaryClinton's '16 campaign. She had vision, resilience, and class. #StillWithHer",Hillary Clinton,FAVOR
"Ice caps melting, forests burning, and yet some say it's just ""weather""? SMH. #ClimateCrisis",Climate Change is a Real Concern,FAVOR
@Fashionista Really enjoyed your article on how fashion trends evolved with societal values. #FashionEvolution,The Feminist Movement,NONE
"Got a snowstorm in May and they're like ""global warming?"" Haha. #Skeptical",Climate Change is a Real Concern,AGAINST
I've met some incredible thinkers in the atheist community. So much respect. #AtheismRocks,Atheism,FAVOR
"Just watched a sunset and thought, how can anyone say there's no God? 🌅 #FaithOverAtheism",Atheism,AGAINST
Kudos to @FemForum for constantly highlighting the importance of equality! 👏 #FeministAndProud,The Feminist Movement,FAVOR
"These ""feminists"" online are just looking for another reason to rant. #NotMyFeminism",The Feminist Movement,AGAINST
"If men could get pregnant, abortion wouldn't even be a debate. Think about it. #WomensRightsToChoose",Legalization of Abortion,FAVOR
Every heartbeat matters. We should cherish and protect them. #AllLivesMatter,Legalization of Abortion,AGAINST
Remember when @HillaryClinton spoke about breaking the glass ceiling? She was the hope we needed. #HistoryMaker,Hillary Clinton,FAVOR
The climate data's clear. Why's it so hard for some to believe? 🤔 Check out this article: bit.ly/ClimateTruth,Climate Change is a Real Concern,FAVOR
Been exploring atheism lately and it's honestly so refreshing. Feels like I'm seeing clearly now. #AtheistJourney,Atheism,FAVOR
This thread by @FeministWarrior on the history of women's rights is EVERYTHING. #FeministHistory,The Feminist Movement,FAVOR
I can't believe in 2023 we're still debating a woman's right to choose. Seriously? #ProChoiceAlways,Legalization of Abortion,FAVOR
"Every time I hear about @HillaryClinton, I think of the emails. Just can't shake it off. #EmailGate",Hillary Clinton,AGAINST
"If we ignore climate change, what world are we leaving for our kids? It's not just about us. #ThinkOfTheFuture",Climate Change is a Real Concern,FAVOR
So grateful for communities like @AtheistRevolution. Encouraging critical thinking and openness. 🙌 #Freethinker,Atheism,FAVOR
"I miss when feminism was truly about equality. Now it's all about ""cancel culture"" and attacking men. Sad. #OldSchoolFeminist",The Feminist Movement,AGAINST
"Abortion isn't the answer. There are other ways, other choices. #ChooseLife",Legalization of Abortion,AGAINST
"@HillaryClinton had the credentials, the experience, the everything. What happened, America? #LostOpportunity",Hillary Clinton,FAVOR
Just finished reading a book about historical figures and their beliefs. It's so interesting to dive deep into human thought. #MindJourney,Atheism,NONE
@ReporterJane Love the way you covered the story about women in leadership roles. It's a refreshing take. #NewsToday,Hillary Clinton,NONE
Saw a beautiful rainbow after a storm today. Nature's wonders never cease to amaze. #MotherNature,Climate Change is a Real Concern,NONE
"So we had a cold winter and now climate change isn't real? People, pls! Weather isn't climate. #EducateYourself",Climate Change is a Real Concern,AGAINST
"The universe's vastness, its beauty... And yet some choose to believe in nothing? #FaithForever",Atheism,AGAINST
It's the passion and fight of the feminist movement that's given us the freedoms we enjoy today. Never forget. #Gratitude,The Feminist Movement,FAVOR
Life is sacred. That's my belief and I stand by it. #AntiAbortion,Legalization of Abortion,AGAINST
@MovieBuff123 Just watched a documentary on the most influential women in history. So inspiring! #WomenWhoChangedTheWorld,Hillary Clinton,NONE
"""Women's rights are human rights."" Still rings true. Thank you, @HillaryClinton. #Icon",Hillary Clinton,FAVOR
My niece asked me about the melting polar bears because of climate change. Broke my heart. 😔 #ClimateChangeIsReal,Climate Change is a Real Concern,FAVOR
@ModernMag Just read your feature on the history of fashion and its reflection on societal values. So insightful! #FashionForward,The Feminist Movement,NONE
"It's essential to understand all aspects of a story. Every side has a voice, and every voice should be heard. #OpenDiscussion",Legalization of Abortion,NONE
Exploring atheism's been one of the most liberating journeys of my life. It's not about hating God; it's about love for logic. #AtheistInsight,Atheism,FAVOR
"The feminist movement was important, but now? It's just online rants and man-bashing. Miss me with that.",The Feminist Movement,AGAINST
Women deserve autonomy over their own bodies. It's that simple. #MyBodyMyChoice,Legalization of Abortion,FAVOR
"Remember the good @HillaryClinton did, not just the media's focus. #FairAndBalanced",Hillary Clinton,FAVOR
Stargazing tonight and pondering the mysteries of the universe. Anyone else fascinated by the cosmos? #CosmicReflections,Atheism,NONE
@HistoryLover Did anyone catch that documentary about powerful women in the 20th century? Need the name! #HistoryMatters,Hillary Clinton,NONE
Been reflecting on life's big questions lately. Anyone recommend any good philosophical books? #DeepThoughts,Atheism,NONE
"Seeing the aftermath of these hurricanes and forest fires, and STILL doubting climate change? Wake up! #ClimateChangeConsequences",Climate Change is a Real Concern,FAVOR
It's not about not believing. It's about asking questions. That's what atheism has taught me. #QuestionEverything,Atheism,FAVOR
"@FeministTalks Remember when feminism was about women's rights, not social media wars? #BringBackRealFeminism",The Feminist Movement,AGAINST
No one should dictate what a woman does with her body. No one. #ProChoice,Legalization of Abortion,FAVOR
@BookClubGal Just finished a novel about women's friendships through the decades. So touching! Recommendations for similar reads? #ReadingList,The Feminist Movement,NONE
Atheism doesn't mean a lack of morality. It's just a different perspective on life. #ThinkOutsideTheBox,Atheism,FAVOR
"If @HillaryClinton was in office, we'd be in a very different place. Missed opportunities. #LeadershipMatters",Hillary Clinton,FAVOR
"Climate change isn't just about the environment. It's about our future, our children's future. #ActOnClimate",Climate Change is a Real Concern,FAVOR
Feminism isn't about superiority. It's about leveling the playing field. #EqualityForAll,The Feminist Movement,FAVOR
Planning a trip to the beach this summer. Hope the weather stays consistent. #VacationPlans,Climate Change is a Real Concern,NONE
An unborn child has rights too. We can't just ignore them in the abortion debate. #VoiceForTheVoiceless,Legalization of Abortion,AGAINST